{
  "version": 1,
  "author": "Anonymous maker",
  "editor": "wokwi",
  "parts": [
    { "type": "board-st-nucleo-l031k6", "id": "nucleo", "top": 10.81, "left": 70.75, "attrs": {} },
    { "type": "wokwi-led", "id": "led1", "top": 6, "left": -101.8, "attrs": { "color": "red" } },
    {
      "type": "wokwi-led",
      "id": "led2",
      "top": 121.2,
      "left": -73,
      "attrs": { "color": "green" }
    },
    {
      "type": "wokwi-led",
      "id": "led3",
      "top": 82.8,
      "left": -34.6,
      "attrs": { "color": "yellow" }
    },
    {
      "type": "wokwi-resistor",
      "id": "r1",
      "top": 42.35,
      "left": 124.8,
      "attrs": { "value": "220" }
    },
    {
      "type": "wokwi-resistor",
      "id": "r2",
      "top": 42.35,
      "left": 201.6,
      "attrs": { "value": "220" }
    },
    {
      "type": "wokwi-resistor",
      "id": "r3",
      "top": 42.35,
      "left": 268.8,
      "attrs": { "value": "220" }
    }
  ],
  "connections": [
    [ "$serialMonitor:TX", "nucleo:VCP_RX", "", [] ],
    [ "$serialMonitor:RX", "nucleo:VCP_TX", "", [] ],
    [ "led1:A", "nucleo:A0", "green", [ "v-9.6", "h57.6" ] ],
    [ "led1:C", "r1:2", "green", [ "v172.8", "h288.4" ] ],
    [ "r1:1", "nucleo:GND.2", "green", [ "v0", "h-57.6" ] ],
    [ "led3:A", "nucleo:A1", "green", [ "v19.2", "h-48" ] ],
    [ "led3:C", "r2:1", "green", [ "v0" ] ],
    [ "r2:2", "nucleo:GND.1", "green", [ "v86.4", "h-1.2" ] ],
    [ "led2:A", "nucleo:A2", "green", [ "v0", "h67.2" ] ],
    [ "led2:C", "r3:1", "green", [ "v86.4", "h10" ] ],
    [ "r3:2", "nucleo:GND.1", "green", [ "v76.8", "h8.4" ] ]
  ],
  "dependencies": {}
}